,Username,Age,Date
0,Microbiologist,28,2016-08-18
1,Hizayus,21,2016-08-18
2,Frankkizito514,27,2016-08-18
3,Jhonnyboy,20,2016-08-18
4,chibolic,32,2016-08-18
5,Hyper007,16,2016-08-18
6,achi4u,34,2016-08-18
7,adroitvezy,22,2016-08-18
8,iHarrie,19,2016-08-18
9,teelaw4life,25,2016-08-18
10,pstnicodemus,56,2016-08-18
11,irohisgood,26,2016-08-18
12,chilis,32,2016-08-18
13,Mistaphil,31,2016-08-18
14,akinbo753,28,2016-08-18
15,AEyo1,25,2016-08-18
16,ajebhojonza,23,2016-08-18
17,Makatiola,29,2016-08-18
18,Iscoalarcon,22,2016-08-18
19,ProdigyTolamide,18,2016-08-18
20,abbeybalo,23,2016-08-18
21,BrainSmith,22,2016-08-18
22,nice007,24,2016-08-18
23,amattahcj,33,2016-08-18
24,Sankabson,26,2016-08-18
25,TheComrade,26,2016-08-18
26,Dammy774,20,2016-08-18
27,isreal012,36,2016-08-18
28,duos,27,2016-08-18
29,carperlar,21,2016-08-18
30,precious1907,25,2016-08-18
31,hardeynelly,22,2016-08-18
32,fosmoso,26,2016-08-18
33,Creativedesign,23,2016-08-18
34,Lukema,26,2016-08-18
35,ArcFresky,25,2016-08-18
36,quadreyatom,24,2016-08-18
37,Ahmed4002,26,2016-08-18
38,kaykay92,24,2016-08-18
39,tundexweb,18,2016-08-18
40,vybrant,25,2016-08-18
41,Sholyments,92,2016-08-18
42,philfearon,26,2016-08-18
43,Randyblincks,17,2016-08-18
44,chiwex,28,2016-08-18
45,laweenu,24,2016-08-18
46,Lawalkay,46,2016-08-18
47,jaybeekay,25,2016-08-18
48,donald1010,29,2016-08-18
49,bishopjoe02,28,2016-08-18
50,AK2,28,2016-08-18
51,chemliz,26,2016-08-18
52,brainpower,31,2016-08-18
53,Ajanacool,29,2016-08-18
54,adextaiwo84,32,2016-08-18
55,nomzynonso,28,2016-08-18
56,Dumchuks,25,2016-08-18
57,Chestnut,33,2016-08-18
58,blackmoro1,28,2016-08-18
59,deboysben,23,2016-08-18
60,prettyslim,27,2016-08-18
61,TemmyTee82,24,2016-08-18
62,okanume,20,2016-08-18
63,noble2012,30,2016-08-18
64,Ralphdan,23,2016-08-18
65,decentboi,22,2016-08-18
66,tresuremira,37,2016-08-18
67,easycafe,35,2016-08-18
68,DANDONdGreat,23,2016-08-18
69,efezino123,19,2016-08-18
70,Rancho22,29,2016-08-18
71,hardywaltz,36,2016-08-18
72,Francoolee,21,2016-08-18
73,ashbishop,24,2016-08-18
74,RICHIFA14,28,2016-08-18
75,labake1,20,2016-08-18
76,Eblendo,23,2016-08-18
77,Daporeals,26,2016-08-18
78,MynaijaReality,34,2016-08-18
79,kingofcapua,31,2016-08-18
80,shegphil,26,2016-08-18
81,fmikecok,30,2016-08-18
82,Eyanuholuwa,16,2016-08-18
83,Dgreatcharley,26,2016-08-18
84,Osaruch,26,2016-08-18
85,samiphantom,23,2016-08-18
86,reanetv,56,2016-08-18
87,ola4ola,22,2016-08-18
88,AdOb,27,2016-08-18
89,tobiib,23,2016-08-18
90,ayauthos,17,2016-08-18
91,pinson,25,2016-08-18
92,ValentineMary,21,2016-08-18
93,Larule007,30,2016-08-18
94,bodmarxchrys,21,2016-08-18
95,sajt,22,2016-08-18
96,aguschuks,23,2016-08-18
97,richomos,28,2016-08-18
98,Rounaaz,35,2016-08-18
99,mashin,32,2016-08-18
100,muhammadmuqtar,18,2016-08-18
101,zubimete,24,2016-08-18
102,Tonyplux,26,2016-08-18
103,Cutie9936,19,2016-08-18
104,sholexies,30,2016-08-18
105,hismail1,24,2016-08-18
106,Dacool2010,28,2016-08-18
107,pefosa,24,2016-08-18
108,freemandgenius,28,2016-08-18
109,topzywazzy,19,2016-08-18
110,kole22k,40,2016-08-18
111,Fastworldlinkz,19,2016-08-18
112,DotunGeorge,39,2016-08-18
113,Slimmygee,21,2016-08-18
